[
    {
        "id": "1",
        "boardId":"1",
        "title": "File Manager Design",
        "checklist": [
            {
                "id": "cl-1",
                "label": "Research",
                "checkListTask": [
                    {
                        "id": "1",
                        "label": "Design Idea",
                        "checked": true
                    },
                    {
                        "id": "2",
                        "label": "Wireframe for design",
                        "checked": false
                    },
                    {
                        "id": "3",
                        "label": "Make prototypes",
                        "checked": true
                    },
                    {
                        "id": "4",
                        "label": "Add images to the product gallery",
                        "checked": true
                    }
                ]
            },
            {
                "id": "cl-2",
                "label": "Design",
                "checkListTask": [
                    {
                        "id": "1",
                        "label": "Design Idea",
                        "checked": true
                    },
                    {
                        "id": "2",
                        "label": "Wireframe for design",
                        "checked": true
                    },
                    {
                        "id": "3",
                        "label": "Make prototypes",
                        "checked": true
                    },
                    {
                        "id": "4",
                        "label": "Add images to the product gallery",
                        "checked": true
                    }
                ]
            }
        ]
    },
    {
        "id": "2",
        "boardId":"1",
        "title": "CRM Dashboard",
        "checklist": [
            {
                "id": "1",
                "label": "Research",
                "checkListTask": [
                    {
                        "id": "1",
                        "label": "Design Idea",
                        "checked": true
                    },
                    {
                        "id": "2",
                        "label": "Wireframe for design",
                        "checked": true
                    },
                    {
                        "id": "3",
                        "label": "Make prototypes",
                        "checked": true
                    },
                    {
                        "id": "4",
                        "label": "Add images to the product gallery",
                        "checked": true
                    }
                ]
            },
            {
                "id": "2",
                "label": "Design",
                "checkListTask": [
                    {
                        "id": "1",
                        "label": "Design Idea",
                        "checked": true
                    },
                    {
                        "id": "2",
                        "label": "Wireframe for design",
                        "checked": true
                    },
                    {
                        "id": "3",
                        "label": "Make prototypes",
                        "checked": true
                    },
                    {
                        "id": "4",
                        "label": "Add images to the product gallery",
                        "checked": true
                    }
                ]
            }
        ]
    },
    {
        "id": "3",
        "boardId":"1",
        "title": "Knowledgebase",
        "checklist": [
            {
                "id": "1",
                "label": "Research",
                "checkListTask": [
                    {
                        "id": "1",
                        "label": "Design Idea",
                        "checked": true
                    },
                    {
                        "id": "2",
                        "label": "Wireframe for design",
                        "checked": true
                    },
                    {
                        "id": "3",
                        "label": "Make prototypes",
                        "checked": true
                    },
                    {
                        "id": "4",
                        "label": "Add images to the product gallery",
                        "checked": true
                    }
                ]
            },
            {
                "id": "2",
                "label": "Design",
                "checkListTask": [
                    {
                        "id": "1",
                        "label": "Design Idea",
                        "checked": true
                    },
                    {
                        "id": "2",
                        "label": "Wireframe for design",
                        "checked": true
                    },
                    {
                        "id": "3",
                        "label": "Make prototypes",
                        "checked": true
                    },
                    {
                        "id": "4",
                        "label": "Add images to the product gallery",
                        "checked": true
                    }
                ]
            }
        ]
    },
    {
        "id": "4",
        "boardId":"1",
        "title": "CRM Dashboard ",
        "checklist": [
            {
                "id": "1",
                "label": "Research",
                "checkListTask": [
                    {
                        "id": "1",
                        "label": "Design Idea",
                        "checked": true
                    },
                    {
                        "id": "2",
                        "label": "Wireframe for design",
                        "checked": true
                    },
                    {
                        "id": "3",
                        "label": "Make prototypes",
                        "checked": true
                    },
                    {
                        "id": "4",
                        "label": "Add images to the product gallery",
                        "checked": true
                    }
                ]
            },
            {
                "id": "2",
                "label": "Design",
                "checkListTask": [
                    {
                        "id": "1",
                        "label": "Design Idea",
                        "checked": true
                    },
                    {
                        "id": "2",
                        "label": "Wireframe for design",
                        "checked": true
                    },
                    {
                        "id": "3",
                        "label": "Make prototypes",
                        "checked": true
                    },
                    {
                        "id": "4",
                        "label": "Add images to the product gallery",
                        "checked": true
                    }
                ]
            }
        ]
    },
    {
        "id": "5",
        "boardId":"2",
        "title": "Drag & Drop",
        "checklist": [
            {
                "id": "1",
                "label": "Research",
                "checkListTask": [
                    {
                        "id": "1",
                        "label": "Design Idea",
                        "checked": true
                    },
                    {
                        "id": "2",
                        "label": "Wireframe for design",
                        "checked": true
                    },
                    {
                        "id": "3",
                        "label": "Make prototypes",
                        "checked": true
                    },
                    {
                        "id": "4",
                        "label": "Add images to the product gallery",
                        "checked": true
                    }
                ]
            },
            {
                "id": "2",
                "label": "Design",
                "checkListTask": [
                    {
                        "id": "1",
                        "label": "Design Idea",
                        "checked": true
                    },
                    {
                        "id": "2",
                        "label": "Wireframe for design",
                        "checked": true
                    },
                    {
                        "id": "3",
                        "label": "Make prototypes",
                        "checked": true
                    },
                    {
                        "id": "4",
                        "label": "Add images to the product gallery",
                        "checked": true
                    }
                ]
            }
        ]
    },
    {
        "id": "6",
        "boardId":"2",
        "title": "Sales Dashboard ",
        "checklist": [
            {
                "id": "1",
                "label": "Research",
                "checkListTask": [
                    {
                        "id": "1",
                        "label": "Design Idea",
                        "checked": true
                    },
                    {
                        "id": "2",
                        "label": "Wireframe for design",
                        "checked": true
                    },
                    {
                        "id": "3",
                        "label": "Make prototypes",
                        "checked": true
                    },
                    {
                        "id": "4",
                        "label": "Add images to the product gallery",
                        "checked": true
                    }
                ]
            },
            {
                "id": "2",
                "label": "Design",
                "checkListTask": [
                    {
                        "id": "1",
                        "label": "Design Idea",
                        "checked": true
                    },
                    {
                        "id": "2",
                        "label": "Wireframe for design",
                        "checked": true
                    },
                    {
                        "id": "3",
                        "label": "Make prototypes",
                        "checked": true
                    },
                    {
                        "id": "4",
                        "label": "Add images to the product gallery",
                        "checked": true
                    }
                ]
            }
        ]
    },
    {
        "id": "7",
        "boardId":"3",
        "title": "Timeline Page",
        "checklist": [
            {
                "id": "1",
                "label": "Research",
                "checkListTask": [
                    {
                        "id": "1",
                        "label": "Design Idea",
                        "checked": true
                    },
                    {
                        "id": "2",
                        "label": "Wireframe for design",
                        "checked": true
                    },
                    {
                        "id": "3",
                        "label": "Make prototypes",
                        "checked": true
                    },
                    {
                        "id": "4",
                        "label": "Add images to the product gallery",
                        "checked": true
                    }
                ]
            },
            {
                "id": "2",
                "label": "Design",
                "checkListTask": [
                    {
                        "id": "1",
                        "label": "Design Idea",
                        "checked": true
                    },
                    {
                        "id": "2",
                        "label": "Wireframe for design",
                        "checked": true
                    },
                    {
                        "id": "3",
                        "label": "Make prototypes",
                        "checked": true
                    },
                    {
                        "id": "4",
                        "label": "Add images to the product gallery",
                        "checked": true
                    }
                ]
            }
        ]
    },
    {
        "id": "8",
        "boardId":"3",
        "title": "Import & Export",
        "checklist": [
            {
                "id": "1",
                "label": "Research",
                "checkListTask": [
                    {
                        "id": "1",
                        "label": "Design Idea",
                        "checked": true
                    },
                    {
                        "id": "2",
                        "label": "Wireframe for design",
                        "checked": true
                    },
                    {
                        "id": "3",
                        "label": "Make prototypes",
                        "checked": true
                    },
                    {
                        "id": "4",
                        "label": "Add images to the product gallery",
                        "checked": true
                    }
                ]
            },
            {
                "id": "2",
                "label": "Design",
                "checkListTask": [
                    {
                        "id": "1",
                        "label": "Design Idea",
                        "checked": true
                    },
                    {
                        "id": "2",
                        "label": "Wireframe for design",
                        "checked": true
                    },
                    {
                        "id": "3",
                        "label": "Make prototypes",
                        "checked": true
                    },
                    {
                        "id": "4",
                        "label": "Add images to the product gallery",
                        "checked": true
                    }
                ]
            }
        ]
    },
    {
        "id": "9",
        "boardId":"3",
        "title": "Coming Soon Page",
        "checklist": [
            {
                "id": "1",
                "label": "Research",
                "checkListTask": [
                    {
                        "id": "1",
                        "label": "Design Idea",
                        "checked": true
                    },
                    {
                        "id": "2",
                        "label": "Wireframe for design",
                        "checked": true
                    },
                    {
                        "id": "3",
                        "label": "Make prototypes",
                        "checked": true
                    },
                    {
                        "id": "4",
                        "label": "Add images to the product gallery",
                        "checked": true
                    }
                ]
            },
            {
                "id": "2",
                "label": "Design",
                "checkListTask": [
                    {
                        "id": "1",
                        "label": "Design Idea",
                        "checked": true
                    },
                    {
                        "id": "2",
                        "label": "Wireframe for design",
                        "checked": true
                    },
                    {
                        "id": "3",
                        "label": "Make prototypes",
                        "checked": true
                    },
                    {
                        "id": "4",
                        "label": "Add images to the product gallery",
                        "checked": true
                    }
                ]
            }
        ]
    },
    {
        "id": "10",
        "boardId":"3",
        "title": "Changelog",
        "checklist": [
            {
                "id": "1",
                "label": "Research",
                "checkListTask": [
                    {
                        "id": "1",
                        "label": "Design Idea",
                        "checked": true
                    },
                    {
                        "id": "2",
                        "label": "Wireframe for design",
                        "checked": true
                    },
                    {
                        "id": "3",
                        "label": "Make prototypes",
                        "checked": true
                    },
                    {
                        "id": "4",
                        "label": "Add images to the product gallery",
                        "checked": true
                    }
                ]
            },
            {
                "id": "2",
                "label": "Design",
                "checkListTask": [
                    {
                        "id": "1",
                        "label": "Design Idea",
                        "checked": true
                    },
                    {
                        "id": "2",
                        "label": "Wireframe for design",
                        "checked": true
                    },
                    {
                        "id": "3",
                        "label": "Make prototypes",
                        "checked": true
                    },
                    {
                        "id": "4",
                        "label": "Add images to the product gallery",
                        "checked": true
                    }
                ]
            }
        ]
    },
    {
        "id": "11",
        "boardId":"4",
        "title": "CRM Dashboard",
        "checklist": [
            {
                "id": "1",
                "label": "Research",
                "checkListTask": [
                    {
                        "id": "1",
                        "label": "Design Idea",
                        "checked": true
                    },
                    {
                        "id": "2",
                        "label": "Wireframe for design",
                        "checked": true
                    },
                    {
                        "id": "3",
                        "label": "Make prototypes",
                        "checked": true
                    },
                    {
                        "id": "4",
                        "label": "Add images to the product gallery",
                        "checked": true
                    }
                ]
            },
            {
                "id": "2",
                "label": "Design",
                "checkListTask": [
                    {
                        "id": "1",
                        "label": "Design Idea",
                        "checked": true
                    },
                    {
                        "id": "2",
                        "label": "Wireframe for design",
                        "checked": true
                    },
                    {
                        "id": "3",
                        "label": "Make prototypes",
                        "checked": true
                    },
                    {
                        "id": "4",
                        "label": "Add images to the product gallery",
                        "checked": true
                    }
                ]
            }
        ]
    }
]