[
  {
    "id": 1,
    "name": "Montes Scelerisque",
    "rate": 5,
    "time": 1586372610052,
    "price": 250,
    "oldPrice": 650,
    "popular": 105,
    "brand": "chair",
    "category": "furniture",
    "img": "static/img/products/1.png",
    "description": "Lorem ipsum dolor sit amet, consetetur sadipscing elitr, sed diam nonumy eirmod tempor invidunt ut labore et dolore magna."
  },
  {
    "id": 2,
    "name": "Leo Sodales Varius",
    "rate": 4,
    "time": 1586372643764,
    "price": 320,
    "oldPrice": 780,
    "popular": false,
    "brand": "chair",
    "category": "furniture",
    "img": "static/img/products/2.png",
    "description": "Lorem ipsum dolor sit amet, consetetur sadipscing elitr, sed diam nonumy eirmod tempor invidunt ut labore et dolore magna."
  },
  {
    "id": 3,
    "name": "Hanging Lamp Berlingo",
    "rate": 4.5,
    "time": 1586372866083,
    "price": 150,
    "oldPrice": false,
    "brand": "chair",
    "popular": 102,
    "category": "furniture",
    "img": "static/img/products/3.png",
    "description": "Lorem ipsum dolor sit amet, consetetur sadipscing elitr, sed diam nonumy eirmod tempor invidunt ut labore et dolore magna."
  },
  {
    "id": 4,
    "name": "Commodo Adipiscing",
    "rate": 5,
    "time": 1586372670340,
    "price": 80,
    "oldPrice": 120,
    "popular": false,
    "brand": "cup",
    "category": "accessories",
    "img": "static/img/products/4.png",
    "description": "Lorem ipsum dolor sit amet, consetetur sadipscing elitr, sed diam nonumy eirmod tempor invidunt ut labore et dolore magna."
  },
  {
    "id": 5,
    "name": "Leo Sodales Varius",
    "rate": 4,
    "time": 1586372885459,
    "price": 220,
    "oldPrice": 180,
    "popular": false,
    "brand": "chair",
    "category": "furniture",
    "img": "static/img/products/5.png",
    "description": "Lorem ipsum dolor sit amet, consetetur sadipscing elitr, sed diam nonumy eirmod tempor invidunt ut labore et dolore magna."
  },
  {
    "id": 6,
    "name": "Leo Sodales Varius",
    "rate": 3,
    "time": 1586372699556,
    "price": 1010,
    "oldPrice": false,
    "popular": false,
    "brand": "plate",
    "category": "accessories",
    "img": "static/img/products/6.png",
    "description": "Lorem ipsum dolor sit amet, consetetur sadipscing elitr, sed diam nonumy eirmod tempor invidunt ut labore et dolore magna."
  },
  {
    "id": 7,
    "name": "Hanging Lamp Berlingo",
    "rate": 5,
    "time": 1586372908316,
    "price": 920,
    "oldPrice": false,
    "popular": false,
    "brand": "chair",
    "category": "furniture",
    "img": "static/img/products/7.png",
    "description": "Lorem ipsum dolor sit amet, consetetur sadipscing elitr, sed diam nonumy eirmod tempor invidunt ut labore et dolore magna."
  },
  {
    "id": 8,
    "name": "Commodo Adipiscing",
    "rate": 3,
    "time": 1586372724883,
    "price": 240,
    "oldPrice": 650,
    "popular": false,
    "brand": "juice",
    "category": "drinks",
    "img": "static/img/products/8.png",
    "description": "Lorem ipsum dolor sit amet, consetetur sadipscing elitr, sed diam nonumy eirmod tempor invidunt ut labore et dolore magna."
  },
  {
    "id": 9,
    "name": "Montes Scelerisque",
    "rate": 3,
    "time": 1586372815027,
    "price": 250,
    "oldPrice": false,
    "popular": false,
    "brand": "chair",
    "category": "furniture",
    "img": "static/img/products/9.png",
    "description": "Lorem ipsum dolor sit amet, consetetur sadipscing elitr, sed diam nonumy eirmod tempor invidunt ut labore et dolore magna."
  },
  {
    "id": 10,
    "name": "Montes Scelerisque",
    "rate": 4,
    "time": 1586372815027,
    "price": 90,
    "oldPrice": 110,
    "popular": false,
    "brand": "chair",
    "category": "furniture",
    "img": "static/img/products/10.png",
    "description": "Lorem ipsum dolor sit amet, consetetur sadipscing elitr, sed diam nonumy eirmod tempor invidunt ut labore et dolore magna."
  },
  {
    "id": 11,
    "name": "Montes Scelerisque",
    "rate": 4.5,
    "time": 1586372791516,
    "price": 1280,
    "oldPrice": 1590,
    "popular": false,
    "brand": "juice",
    "category": "drinks",
    "img": "static/img/products/11.png",
    "description": "Lorem ipsum dolor sit amet, consetetur sadipscing elitr, sed diam nonumy eirmod tempor invidunt ut labore et dolore magna."
  },
  {
    "id": 12,
    "name": "Montes Scelerisque",
    "rate": 3.5,
    "time": 1586372754820,
    "price": 450,
    "oldPrice": false,
    "popular": false,
    "brand": "chair",
    "category": "furniture",
    "img": "static/img/products/12.png",
    "description": "Lorem ipsum dolor sit amet, consetetur sadipscing elitr, sed diam nonumy eirmod tempor invidunt ut labore et dolore magna."
  }
]
