[
  {
    "id": "#02-0003",
    "name": "Kellie Marquot",
    "storeName": "Shipment Marquot",
    "img": "static/img/sellers/1.png",
    "product": "397",
    "amount": "$4,248.66",
    "date": "January 20, 2020"
  },
  {
    "id": "#02-0004",
    "name": "Carroll Maharry",
    "storeName": "Maharry Shipment",
    "img": "static/img/sellers/2.png",
    "product": "397",
    "amount": "$14,248.61",
    "date": "January 28, 2020"
  },
  {
    "id": "#02-0005",
    "name": "Rosenbaum Reichel",
    "storeName": "Reichel",
    "img": "static/img/sellers/3.png",
    "product": "397",
    "amount": "$24,248.90",
    "date": "January 30, 2020"
  },
  {
    "id": "#02-0006",
    "name": "Ashley Briggs",
    "storeName": "Ashley",
    "img": "static/img/sellers/4.png",
    "product": "397",
    "amount": "$6,248.87",
    "date": "February 2, 2020"
  },
  {
    "id": "#02-0007",
    "name": "Carl Jenkins",
    "storeName": "Jenkins",
    "img": "static/img/sellers/5.png",
    "product": "397",
    "amount": "$35,545.66",
    "date": "February 12, 2020"
  },
  {
    "id": "#02-0008",
    "name": "Bertha Martin",
    "storeName": "Martin",
    "img": "static/img/sellers/6.png",
    "product": "397",
    "amount": "$4,248.66",
    "date": "February 8, 2020"
  },
  {
    "id": "#02-0009",
    "name": "Stacie Hall",
    "storeName": "Hall Store",
    "img": "static/img/sellers/7.png",
    "product": "397",
    "amount": "$34,248.66",
    "date": "February 2, 2020"
  },

  {
    "id": "#02-0010",
    "name": "Striker Marquot",
    "storeName": "Striker",
    "img": "static/img/sellers/8.png",
    "product": "397",
    "amount": "$14,244.20",
    "date": "January 20, 2020"
  },
  {
    "id": "#02-0011",
    "name": "Amanda Jones",
    "storeName": "Jones Store",
    "img": "static/img/sellers/9.png",
    "product": "397",
    "amount": "$4,248.66",
    "date": "January 20, 2020"
  },
  {
    "id": "#02-0012",
    "name": "Ashley Briggs",
    "storeName": "Briggs",
    "img": "static/img/sellers/1.png",
    "product": "397",
    "amount": "$4,248.66",
    "date": "January 20, 2020"
  }
]
